{
  "Author": "cecilia-sanare",
  "Name": "Puppets",
  "InternalName": "Puppets",
  "AssemblyVersion": "1.2.1.4",
  "Description": "Enables you to easily and automatically sync emotes via party chat!",
  "ApplicableVersion": "any",
  "RepoUrl": "https://github.com/ribbon-studios/Puppets",
  "Tags": [
    "Emote",
    "Syncing"
  ],
  "DalamudApiLevel": 9,
  "LoadRequiredState": 0,
  "LoadSync": false,
  "CanUnloadAsync": false,
  "LoadPriority": 0,
  "IconUrl": "https://raw.githubusercontent.com/ribbon-studios/Puppets/main/images/icon.png",
  "Punchline": "Simple emote syncing!",
  "AcceptsFeedback": true
}